{
  "best_threshold": 0.35,
  "best_total_return": -0.20581760837978846,
  "best_sharpe": -0.446994208697896,
  "best_max_drawdown": -0.2954295693121909,
  "best_win_rate": 0.496054114994363
}